<?xml version="1.0" encoding="UTF-8"?>
<root>
  <item name="com.sandrios.sandriosCamera.internal.configuration.CameraConfiguration.CameraFace">
    <annotation name="android.support.annotation.IntDef">
      <val name="value" val="{com.sandrios.sandriosCamera.internal.configuration.CameraConfiguration.CAMERA_FACE_FRONT, com.sandrios.sandriosCamera.internal.configuration.CameraConfiguration.CAMERA_FACE_REAR}" />
    </annotation>
  </item>
  <item name="com.sandrios.sandriosCamera.internal.configuration.CameraConfiguration.DeviceDefaultOrientation">
    <annotation name="android.support.annotation.IntDef">
      <val name="value" val="{com.sandrios.sandriosCamera.internal.configuration.CameraConfiguration.ORIENTATION_PORTRAIT, com.sandrios.sandriosCamera.internal.configuration.CameraConfiguration.ORIENTATION_LANDSCAPE}" />
    </annotation>
  </item>
  <item name="com.sandrios.sandriosCamera.internal.configuration.CameraConfiguration.DisplayRotation">
    <annotation name="android.support.annotation.IntDef">
      <val name="value" val="{com.sandrios.sandriosCamera.internal.configuration.CameraConfiguration.DISPLAY_ROTATION_0, com.sandrios.sandriosCamera.internal.configuration.CameraConfiguration.DISPLAY_ROTATION_90, com.sandrios.sandriosCamera.internal.configuration.CameraConfiguration.DISPLAY_ROTATION_180, com.sandrios.sandriosCamera.internal.configuration.CameraConfiguration.DISPLAY_ROTATION_270}" />
    </annotation>
  </item>
  <item name="com.sandrios.sandriosCamera.internal.configuration.CameraConfiguration.FlashMode">
    <annotation name="android.support.annotation.IntDef">
      <val name="value" val="{com.sandrios.sandriosCamera.internal.configuration.CameraConfiguration.FLASH_MODE_ON, com.sandrios.sandriosCamera.internal.configuration.CameraConfiguration.FLASH_MODE_OFF, com.sandrios.sandriosCamera.internal.configuration.CameraConfiguration.FLASH_MODE_AUTO}" />
    </annotation>
  </item>
  <item name="com.sandrios.sandriosCamera.internal.configuration.CameraConfiguration.MediaAction">
    <annotation name="android.support.annotation.IntDef">
      <val name="value" val="{com.sandrios.sandriosCamera.internal.configuration.CameraConfiguration.MEDIA_ACTION_VIDEO, com.sandrios.sandriosCamera.internal.configuration.CameraConfiguration.MEDIA_ACTION_PHOTO, com.sandrios.sandriosCamera.internal.configuration.CameraConfiguration.MEDIA_ACTION_BOTH}" />
    </annotation>
  </item>
  <item name="com.sandrios.sandriosCamera.internal.configuration.CameraConfiguration.MediaQuality">
    <annotation name="android.support.annotation.IntDef">
      <val name="value" val="{com.sandrios.sandriosCamera.internal.configuration.CameraConfiguration.MEDIA_QUALITY_AUTO, com.sandrios.sandriosCamera.internal.configuration.CameraConfiguration.MEDIA_QUALITY_LOWEST, com.sandrios.sandriosCamera.internal.configuration.CameraConfiguration.MEDIA_QUALITY_LOW, com.sandrios.sandriosCamera.internal.configuration.CameraConfiguration.MEDIA_QUALITY_MEDIUM, com.sandrios.sandriosCamera.internal.configuration.CameraConfiguration.MEDIA_QUALITY_HIGH, com.sandrios.sandriosCamera.internal.configuration.CameraConfiguration.MEDIA_QUALITY_HIGHEST}" />
    </annotation>
  </item>
  <item name="com.sandrios.sandriosCamera.internal.configuration.CameraConfiguration.SensorPosition">
    <annotation name="android.support.annotation.IntDef">
      <val name="value" val="{com.sandrios.sandriosCamera.internal.configuration.CameraConfiguration.SENSOR_POSITION_UP, com.sandrios.sandriosCamera.internal.configuration.CameraConfiguration.SENSOR_POSITION_UP_SIDE_DOWN, com.sandrios.sandriosCamera.internal.configuration.CameraConfiguration.SENSOR_POSITION_LEFT, com.sandrios.sandriosCamera.internal.configuration.CameraConfiguration.SENSOR_POSITION_RIGHT, com.sandrios.sandriosCamera.internal.configuration.CameraConfiguration.SENSOR_POSITION_UNSPECIFIED}" />
    </annotation>
  </item>
  <item name="com.sandrios.sandriosCamera.internal.configuration.ConfigurationProvider int getFlashMode()">
    <annotation name="android.support.annotation.IntDef">
      <val name="value" val="{com.sandrios.sandriosCamera.internal.configuration.CameraConfiguration.FLASH_MODE_ON, com.sandrios.sandriosCamera.internal.configuration.CameraConfiguration.FLASH_MODE_OFF, com.sandrios.sandriosCamera.internal.configuration.CameraConfiguration.FLASH_MODE_AUTO}" />
    </annotation>
  </item>
  <item name="com.sandrios.sandriosCamera.internal.configuration.ConfigurationProvider int getMediaAction()">
    <annotation name="android.support.annotation.IntDef">
      <val name="value" val="{com.sandrios.sandriosCamera.internal.configuration.CameraConfiguration.MEDIA_ACTION_VIDEO, com.sandrios.sandriosCamera.internal.configuration.CameraConfiguration.MEDIA_ACTION_PHOTO, com.sandrios.sandriosCamera.internal.configuration.CameraConfiguration.MEDIA_ACTION_BOTH}" />
    </annotation>
  </item>
  <item name="com.sandrios.sandriosCamera.internal.configuration.ConfigurationProvider int getMediaQuality()">
    <annotation name="android.support.annotation.IntDef">
      <val name="value" val="{com.sandrios.sandriosCamera.internal.configuration.CameraConfiguration.MEDIA_QUALITY_AUTO, com.sandrios.sandriosCamera.internal.configuration.CameraConfiguration.MEDIA_QUALITY_LOWEST, com.sandrios.sandriosCamera.internal.configuration.CameraConfiguration.MEDIA_QUALITY_LOW, com.sandrios.sandriosCamera.internal.configuration.CameraConfiguration.MEDIA_QUALITY_MEDIUM, com.sandrios.sandriosCamera.internal.configuration.CameraConfiguration.MEDIA_QUALITY_HIGH, com.sandrios.sandriosCamera.internal.configuration.CameraConfiguration.MEDIA_QUALITY_HIGHEST}" />
    </annotation>
  </item>
  <item name="com.sandrios.sandriosCamera.internal.configuration.ConfigurationProvider int getSensorPosition()">
    <annotation name="android.support.annotation.IntDef">
      <val name="value" val="{com.sandrios.sandriosCamera.internal.configuration.CameraConfiguration.SENSOR_POSITION_UP, com.sandrios.sandriosCamera.internal.configuration.CameraConfiguration.SENSOR_POSITION_UP_SIDE_DOWN, com.sandrios.sandriosCamera.internal.configuration.CameraConfiguration.SENSOR_POSITION_LEFT, com.sandrios.sandriosCamera.internal.configuration.CameraConfiguration.SENSOR_POSITION_RIGHT, com.sandrios.sandriosCamera.internal.configuration.CameraConfiguration.SENSOR_POSITION_UNSPECIFIED}" />
    </annotation>
  </item>
</root>

