<?xml version="1.0" encoding="UTF-8"?>
<root>
  <item name="com.sandrios.sandriosCamera.internal.ui.BaseSandriosActivity void onCameraTypeChanged(int) 0">
    <annotation name="android.support.annotation.IntDef">
      <val name="value" val="{com.sandrios.sandriosCamera.internal.ui.view.CameraSwitchView.CAMERA_TYPE_FRONT, com.sandrios.sandriosCamera.internal.ui.view.CameraSwitchView.CAMERA_TYPE_REAR}" />
    </annotation>
  </item>
  <item name="com.sandrios.sandriosCamera.internal.ui.BaseSandriosActivity void onFlashModeChanged(int) 0">
    <annotation name="android.support.annotation.IntDef">
      <val name="value" val="{com.sandrios.sandriosCamera.internal.ui.view.FlashSwitchView.FLASH_ON, com.sandrios.sandriosCamera.internal.ui.view.FlashSwitchView.FLASH_OFF, com.sandrios.sandriosCamera.internal.ui.view.FlashSwitchView.FLASH_AUTO}" />
    </annotation>
  </item>
  <item name="com.sandrios.sandriosCamera.internal.ui.BaseSandriosActivity void updateUiForMediaAction(int) 0">
    <annotation name="android.support.annotation.IntDef">
      <val name="value" val="{com.sandrios.sandriosCamera.internal.configuration.CameraConfiguration.MEDIA_ACTION_VIDEO, com.sandrios.sandriosCamera.internal.configuration.CameraConfiguration.MEDIA_ACTION_PHOTO, com.sandrios.sandriosCamera.internal.configuration.CameraConfiguration.MEDIA_ACTION_BOTH}" />
    </annotation>
  </item>
  <item name="com.sandrios.sandriosCamera.internal.ui.BaseSandriosActivity&lt;CameraId&gt; currentCameraType">
    <annotation name="android.support.annotation.IntDef">
      <val name="value" val="{com.sandrios.sandriosCamera.internal.ui.view.CameraSwitchView.CAMERA_TYPE_FRONT, com.sandrios.sandriosCamera.internal.ui.view.CameraSwitchView.CAMERA_TYPE_REAR}" />
    </annotation>
  </item>
  <item name="com.sandrios.sandriosCamera.internal.ui.BaseSandriosActivity&lt;CameraId&gt; currentMediaActionState">
    <annotation name="android.support.annotation.IntDef">
      <val name="value" val="{com.sandrios.sandriosCamera.internal.ui.view.MediaActionSwitchView.ACTION_PHOTO, com.sandrios.sandriosCamera.internal.ui.view.MediaActionSwitchView.ACTION_VIDEO}" />
    </annotation>
  </item>
  <item name="com.sandrios.sandriosCamera.internal.ui.BaseSandriosActivity&lt;CameraId&gt; flashMode">
    <annotation name="android.support.annotation.IntDef">
      <val name="value" val="{com.sandrios.sandriosCamera.internal.configuration.CameraConfiguration.FLASH_MODE_ON, com.sandrios.sandriosCamera.internal.configuration.CameraConfiguration.FLASH_MODE_OFF, com.sandrios.sandriosCamera.internal.configuration.CameraConfiguration.FLASH_MODE_AUTO}" />
    </annotation>
  </item>
  <item name="com.sandrios.sandriosCamera.internal.ui.BaseSandriosActivity&lt;CameraId&gt; mediaAction">
    <annotation name="android.support.annotation.IntDef">
      <val name="value" val="{com.sandrios.sandriosCamera.internal.configuration.CameraConfiguration.MEDIA_ACTION_VIDEO, com.sandrios.sandriosCamera.internal.configuration.CameraConfiguration.MEDIA_ACTION_PHOTO, com.sandrios.sandriosCamera.internal.configuration.CameraConfiguration.MEDIA_ACTION_BOTH}" />
    </annotation>
  </item>
  <item name="com.sandrios.sandriosCamera.internal.ui.BaseSandriosActivity&lt;CameraId&gt; mediaQuality">
    <annotation name="android.support.annotation.IntDef">
      <val name="value" val="{com.sandrios.sandriosCamera.internal.configuration.CameraConfiguration.MEDIA_QUALITY_AUTO, com.sandrios.sandriosCamera.internal.configuration.CameraConfiguration.MEDIA_QUALITY_LOWEST, com.sandrios.sandriosCamera.internal.configuration.CameraConfiguration.MEDIA_QUALITY_LOW, com.sandrios.sandriosCamera.internal.configuration.CameraConfiguration.MEDIA_QUALITY_MEDIUM, com.sandrios.sandriosCamera.internal.configuration.CameraConfiguration.MEDIA_QUALITY_HIGH, com.sandrios.sandriosCamera.internal.configuration.CameraConfiguration.MEDIA_QUALITY_HIGHEST}" />
    </annotation>
  </item>
  <item name="com.sandrios.sandriosCamera.internal.ui.BaseSandriosActivity&lt;CameraId&gt; newQuality">
    <annotation name="android.support.annotation.IntDef">
      <val name="value" val="{com.sandrios.sandriosCamera.internal.configuration.CameraConfiguration.MEDIA_QUALITY_AUTO, com.sandrios.sandriosCamera.internal.configuration.CameraConfiguration.MEDIA_QUALITY_LOWEST, com.sandrios.sandriosCamera.internal.configuration.CameraConfiguration.MEDIA_QUALITY_LOW, com.sandrios.sandriosCamera.internal.configuration.CameraConfiguration.MEDIA_QUALITY_MEDIUM, com.sandrios.sandriosCamera.internal.configuration.CameraConfiguration.MEDIA_QUALITY_HIGH, com.sandrios.sandriosCamera.internal.configuration.CameraConfiguration.MEDIA_QUALITY_HIGHEST}" />
    </annotation>
  </item>
  <item name="com.sandrios.sandriosCamera.internal.ui.BaseSandriosActivity&lt;CameraId&gt; passedMediaQuality">
    <annotation name="android.support.annotation.IntDef">
      <val name="value" val="{com.sandrios.sandriosCamera.internal.configuration.CameraConfiguration.MEDIA_QUALITY_AUTO, com.sandrios.sandriosCamera.internal.configuration.CameraConfiguration.MEDIA_QUALITY_LOWEST, com.sandrios.sandriosCamera.internal.configuration.CameraConfiguration.MEDIA_QUALITY_LOW, com.sandrios.sandriosCamera.internal.configuration.CameraConfiguration.MEDIA_QUALITY_MEDIUM, com.sandrios.sandriosCamera.internal.configuration.CameraConfiguration.MEDIA_QUALITY_HIGH, com.sandrios.sandriosCamera.internal.configuration.CameraConfiguration.MEDIA_QUALITY_HIGHEST}" />
    </annotation>
  </item>
  <item name="com.sandrios.sandriosCamera.internal.ui.SandriosCameraActivity&lt;CameraId&gt; deviceDefaultOrientation">
    <annotation name="android.support.annotation.IntDef">
      <val name="value" val="{com.sandrios.sandriosCamera.internal.configuration.CameraConfiguration.ORIENTATION_PORTRAIT, com.sandrios.sandriosCamera.internal.configuration.CameraConfiguration.ORIENTATION_LANDSCAPE}" />
    </annotation>
  </item>
  <item name="com.sandrios.sandriosCamera.internal.ui.SandriosCameraActivity&lt;CameraId&gt; sensorPosition">
    <annotation name="android.support.annotation.IntDef">
      <val name="value" val="{com.sandrios.sandriosCamera.internal.configuration.CameraConfiguration.SENSOR_POSITION_UP, com.sandrios.sandriosCamera.internal.configuration.CameraConfiguration.SENSOR_POSITION_UP_SIDE_DOWN, com.sandrios.sandriosCamera.internal.configuration.CameraConfiguration.SENSOR_POSITION_LEFT, com.sandrios.sandriosCamera.internal.configuration.CameraConfiguration.SENSOR_POSITION_RIGHT, com.sandrios.sandriosCamera.internal.configuration.CameraConfiguration.SENSOR_POSITION_UNSPECIFIED}" />
    </annotation>
  </item>
</root>

