<?xml version="1.0" encoding="UTF-8"?>
<root>
  <item name="com.sandrios.sandriosCamera.internal.utils.CameraHelper android.media.CamcorderProfile getCamcorderProfile(int, int) 0">
    <annotation name="android.support.annotation.IntDef">
      <val name="value" val="{com.sandrios.sandriosCamera.internal.configuration.CameraConfiguration.MEDIA_QUALITY_AUTO, com.sandrios.sandriosCamera.internal.configuration.CameraConfiguration.MEDIA_QUALITY_LOWEST, com.sandrios.sandriosCamera.internal.configuration.CameraConfiguration.MEDIA_QUALITY_LOW, com.sandrios.sandriosCamera.internal.configuration.CameraConfiguration.MEDIA_QUALITY_MEDIUM, com.sandrios.sandriosCamera.internal.configuration.CameraConfiguration.MEDIA_QUALITY_HIGH, com.sandrios.sandriosCamera.internal.configuration.CameraConfiguration.MEDIA_QUALITY_HIGHEST}" />
    </annotation>
  </item>
  <item name="com.sandrios.sandriosCamera.internal.utils.CameraHelper android.media.CamcorderProfile getCamcorderProfile(int, java.lang.String) 0">
    <annotation name="android.support.annotation.IntDef">
      <val name="value" val="{com.sandrios.sandriosCamera.internal.configuration.CameraConfiguration.MEDIA_QUALITY_AUTO, com.sandrios.sandriosCamera.internal.configuration.CameraConfiguration.MEDIA_QUALITY_LOWEST, com.sandrios.sandriosCamera.internal.configuration.CameraConfiguration.MEDIA_QUALITY_LOW, com.sandrios.sandriosCamera.internal.configuration.CameraConfiguration.MEDIA_QUALITY_MEDIUM, com.sandrios.sandriosCamera.internal.configuration.CameraConfiguration.MEDIA_QUALITY_HIGH, com.sandrios.sandriosCamera.internal.configuration.CameraConfiguration.MEDIA_QUALITY_HIGHEST}" />
    </annotation>
  </item>
  <item name="com.sandrios.sandriosCamera.internal.utils.CameraHelper com.sandrios.sandriosCamera.internal.utils.Size getPictureSize(com.sandrios.sandriosCamera.internal.utils.Size[], int) 1">
    <annotation name="android.support.annotation.IntDef">
      <val name="value" val="{com.sandrios.sandriosCamera.internal.configuration.CameraConfiguration.MEDIA_QUALITY_AUTO, com.sandrios.sandriosCamera.internal.configuration.CameraConfiguration.MEDIA_QUALITY_LOWEST, com.sandrios.sandriosCamera.internal.configuration.CameraConfiguration.MEDIA_QUALITY_LOW, com.sandrios.sandriosCamera.internal.configuration.CameraConfiguration.MEDIA_QUALITY_MEDIUM, com.sandrios.sandriosCamera.internal.configuration.CameraConfiguration.MEDIA_QUALITY_HIGH, com.sandrios.sandriosCamera.internal.configuration.CameraConfiguration.MEDIA_QUALITY_HIGHEST}" />
    </annotation>
  </item>
  <item name="com.sandrios.sandriosCamera.internal.utils.CameraHelper com.sandrios.sandriosCamera.internal.utils.Size getPictureSize(java.util.List&lt;com.sandrios.sandriosCamera.internal.utils.Size&gt;, int) 1">
    <annotation name="android.support.annotation.IntDef">
      <val name="value" val="{com.sandrios.sandriosCamera.internal.configuration.CameraConfiguration.MEDIA_QUALITY_AUTO, com.sandrios.sandriosCamera.internal.configuration.CameraConfiguration.MEDIA_QUALITY_LOWEST, com.sandrios.sandriosCamera.internal.configuration.CameraConfiguration.MEDIA_QUALITY_LOW, com.sandrios.sandriosCamera.internal.configuration.CameraConfiguration.MEDIA_QUALITY_MEDIUM, com.sandrios.sandriosCamera.internal.configuration.CameraConfiguration.MEDIA_QUALITY_HIGH, com.sandrios.sandriosCamera.internal.configuration.CameraConfiguration.MEDIA_QUALITY_HIGHEST}" />
    </annotation>
  </item>
  <item name="com.sandrios.sandriosCamera.internal.utils.CameraHelper java.io.File getOutputMediaFile(android.content.Context, int) 1">
    <annotation name="android.support.annotation.IntDef">
      <val name="value" val="{com.sandrios.sandriosCamera.internal.configuration.CameraConfiguration.MEDIA_ACTION_VIDEO, com.sandrios.sandriosCamera.internal.configuration.CameraConfiguration.MEDIA_ACTION_PHOTO, com.sandrios.sandriosCamera.internal.configuration.CameraConfiguration.MEDIA_ACTION_BOTH}" />
    </annotation>
  </item>
</root>

